step,train_loss,val_loss,lr,elapsed_s
0,9.075692,9.065170,0.00000043,1.1
100,8.025164,8.371569,0.00004391,55.8
200,7.423644,7.968723,0.00008739,110.7
300,7.415998,7.625279,0.00013087,165.8
400,6.940521,7.253159,0.00017435,224.5
500,6.595346,7.124976,0.00021783,283.2
600,6.149777,7.016380,0.00026130,341.3
700,6.073789,6.839306,0.00030000,399.3
800,5.983477,6.699123,0.00030000,457.5
900,5.732798,6.573453,0.00029999,518.5
1000,5.481360,6.607654,0.00029999,579.9
1100,5.397148,6.491394,0.00029998,638.4
1200,5.409290,6.385494,0.00029996,700.8
1300,5.463248,6.383299,0.00029995,766.4
1400,4.955374,6.352389,0.00029993,832.1
1500,5.134805,6.305721,0.00029991,901.4
1600,4.948995,6.317831,0.00029988,963.7
1700,4.766082,6.323915,0.00029985,1023.6
1800,5.192513,6.315288,0.00029982,1082.9
1900,5.062307,6.264810,0.00029979,1141.9
2000,5.125590,6.206627,0.00029976,1201.8
2100,4.714319,6.241123,0.00029972,1264.3
2200,4.646886,6.225180,0.00029967,1325.8
2300,4.763506,6.275110,0.00029963,1387.3
2400,4.276076,6.338931,0.00029958,1447.2
2500,4.608946,6.236722,0.00029953,1508.6
2600,5.559046,5.988108,0.00029948,1569.4
2700,5.161415,6.007637,0.00029942,1629.6
2800,4.358424,5.956508,0.00029936,1689.8
2900,4.446118,5.948388,0.00029930,1748.9
3000,3.896895,5.974294,0.00029924,1807.8
3100,3.708004,6.032150,0.00029917,1868.3
3200,3.666543,6.108802,0.00029910,1928.0
3300,3.738062,6.070119,0.00029903,1988.3
3400,3.710702,6.042713,0.00029895,2048.0
3500,3.717778,6.065234,0.00029887,2107.4
3600,4.099494,5.972265,0.00029879,2166.2
3700,3.789158,5.983204,0.00029871,2224.7
3800,3.875754,5.964583,0.00029862,2285.4
3900,4.606206,5.875701,0.00029853,2345.4
4000,4.110743,5.856608,0.00029844,2405.0
4100,4.261119,5.848013,0.00029834,2465.6
4200,4.077869,5.848668,0.00029824,2528.6
4300,4.021917,5.908370,0.00029814,2588.9
4400,4.058363,5.907473,0.00029804,2648.2
4500,3.934265,5.925831,0.00029793,2709.4
4600,3.990710,5.922046,0.00029782,2768.9
4700,4.122796,5.861835,0.00029771,2829.3
4800,3.774637,5.877332,0.00029760,2888.9
4900,3.821991,5.878925,0.00029748,2948.3
5000,3.870897,5.867646,0.00029736,3008.1
5100,3.779378,5.862633,0.00029723,3066.5
5200,3.902862,5.880858,0.00029711,3125.1
5300,3.996586,5.873812,0.00029698,3183.8
5400,3.772294,5.871913,0.00029685,3244.3
5500,4.075978,5.855088,0.00029671,3304.5
5600,3.686483,5.855696,0.00029657,3364.3
5700,4.232323,5.805908,0.00029643,3424.2
5800,4.272437,5.728107,0.00029629,3483.3
5900,3.847996,5.736129,0.00029614,3541.2
6000,3.962399,5.661805,0.00029599,3600.0
6100,3.988061,5.714176,0.00029584,3659.1
6200,3.622464,5.700974,0.00029569,3718.2
6300,3.872124,5.696530,0.00029553,3778.0
6400,3.818732,5.707672,0.00029537,3837.3
6500,3.776519,5.696748,0.00029521,3897.3
6600,3.732308,5.723982,0.00029504,3956.6
6700,3.963538,5.691802,0.00029488,4014.8
6800,3.974959,5.679555,0.00029471,4073.6
6900,3.754704,5.698001,0.00029453,4132.1
7000,3.676483,5.724709,0.00029436,4191.6
7100,4.354654,5.708976,0.00029418,4251.7
7200,3.676439,5.705209,0.00029399,4311.0
7300,3.558837,5.711217,0.00029381,4371.0
7400,3.402750,5.742461,0.00029362,4431.1
7500,3.654818,5.764273,0.00029343,4490.7
7600,3.377943,5.720169,0.00029324,4549.8
7700,3.529743,5.764455,0.00029304,4608.9
7800,3.634867,5.705288,0.00029285,4669.4
7900,3.962540,5.704797,0.00029265,4730.7
8000,3.568813,5.712663,0.00029244,4792.4
8100,3.619013,5.644083,0.00029224,4852.4
8200,3.565916,5.620423,0.00029203,4911.9
8300,3.341269,5.637354,0.00029182,4970.9
8400,3.282033,5.617433,0.00029160,5029.0
8500,3.820417,5.616702,0.00029138,5087.0
8600,3.160584,5.616483,0.00029117,5145.3
8700,3.121104,5.603407,0.00029094,5206.1
8800,2.996099,5.625995,0.00029072,5265.5
8900,3.441507,5.643614,0.00029049,5324.5
9000,3.814595,5.640172,0.00029026,5383.3
9100,3.019698,5.634432,0.00029003,5442.5
9200,3.211879,5.616708,0.00028979,5501.5
9300,3.676199,5.615137,0.00028955,5559.7
9400,3.549724,5.581432,0.00028931,5619.6
9500,3.295314,5.587722,0.00028907,5678.6
9600,3.372105,5.573410,0.00028882,5738.1
9700,3.506764,5.641758,0.00028857,5796.5
9800,3.323625,5.579709,0.00028832,5854.8
9900,3.043138,5.566644,0.00028807,5913.9
10000,4.356304,5.395939,0.00028781,5973.2
10100,4.120110,5.352637,0.00028755,6031.4
10200,4.474095,5.318580,0.00028729,6090.4
10300,3.777105,5.316572,0.00028703,6149.2
10400,4.135953,5.254779,0.00028676,6211.3
10500,4.279231,5.293470,0.00028649,6271.9
10600,3.794057,5.411272,0.00028622,6332.7
10700,2.704838,5.523715,0.00028595,6391.1
10800,3.544253,5.528747,0.00028567,6449.3
10900,3.041984,5.552531,0.00028539,6508.1
11000,3.761300,5.611224,0.00028511,6567.6
11100,3.737646,5.609683,0.00028482,6626.9
11200,4.692982,5.554688,0.00028453,6685.8
11300,4.744972,5.495209,0.00028424,6744.5
11400,4.069072,5.417718,0.00028395,6803.7
11500,4.472569,5.372726,0.00028366,6861.4
11600,4.463956,5.203983,0.00028336,6918.4
11700,4.436597,5.177272,0.00028306,6974.6
11800,4.000325,5.249011,0.00028276,7030.3
11900,3.890034,5.296082,0.00028245,7086.0
12000,3.707297,5.385883,0.00028215,7141.9
12100,3.474864,5.397476,0.00028184,7197.2
12200,3.848052,5.324981,0.00028152,7252.7
12300,4.787257,5.377005,0.00028121,7308.4
12400,5.635213,5.553027,0.00028089,7364.5
12500,5.982965,5.935476,0.00028057,7420.5
12600,5.138951,5.797496,0.00028025,7476.1
12700,4.554348,5.806402,0.00027993,7532.7
12800,5.067248,5.893692,0.00027960,7590.1
12900,5.380221,6.084849,0.00027927,7647.3
13000,5.071126,5.939917,0.00027894,7706.0
13100,5.175345,6.161556,0.00027860,7762.9
13200,3.810367,5.795760,0.00027827,7819.8
13300,3.431199,5.837904,0.00027793,7876.6
13400,3.942617,5.507320,0.00027759,7933.2
13500,4.519499,5.634666,0.00027724,7988.8
13600,5.454154,5.572439,0.00027690,8043.9
13700,6.168605,5.562409,0.00027655,8099.0
13800,5.678411,6.286456,0.00027620,8156.9
13900,4.359566,5.912370,0.00027584,8222.9
14000,3.998450,6.283573,0.00027549,8289.0
14100,5.030962,8.773236,0.00027513,8353.8
14200,5.253475,9.351279,0.00027477,8418.3
14300,5.306389,10.013613,0.00027441,8482.6
14400,4.285286,10.157735,0.00027404,8546.9
14500,5.029802,11.014858,0.00027367,8611.8
14600,4.991809,10.205687,0.00027331,8676.5
14700,5.015769,10.229967,0.00027293,8741.2
14800,4.860453,10.775936,0.00027256,8805.9
14900,6.088474,6.314325,0.00027218,8871.0
15000,5.446095,5.790861,0.00027180,8936.4
15100,5.203215,5.566466,0.00027142,9000.9
15200,5.065316,5.491768,0.00027104,9065.7
15300,5.198504,6.038712,0.00027065,9130.8
15400,4.667465,5.537663,0.00027027,9196.2
15500,5.991147,5.646774,0.00026988,9261.2
15600,4.949305,5.784748,0.00026949,9326.0
15700,5.530870,5.721261,0.00026909,9390.8
15800,4.783185,5.491655,0.00026869,9455.7
15900,5.135583,5.750933,0.00026830,9520.8
16000,5.333343,5.686012,0.00026790,9586.1
16100,5.309315,5.612048,0.00026749,9650.6
16200,4.587423,5.444884,0.00026709,9715.3
16300,4.887605,5.508227,0.00026668,9780.6
16400,4.679697,5.301365,0.00026627,9845.4
16500,5.228429,5.329836,0.00026586,9910.2
16600,3.897429,5.651231,0.00026544,9975.0
16700,4.062252,5.217977,0.00026503,10039.9
16800,4.006766,5.160813,0.00026461,10104.9
16900,3.799886,5.126448,0.00026419,10169.4
17000,3.997275,4.908914,0.00026377,10234.6
17100,3.851591,4.868716,0.00026334,10299.1
17200,3.492502,4.859919,0.00026292,10363.6
17300,4.434780,4.859868,0.00026249,10428.7
17400,3.993192,4.847169,0.00026206,10493.2
17500,3.997087,4.847666,0.00026163,10557.9
17600,3.658147,4.849366,0.00026119,10622.7
17700,3.804184,4.845464,0.00026076,10687.7
17800,3.265930,4.844301,0.00026032,10752.4
17900,3.781798,4.853073,0.00025988,10817.0
18000,3.810421,4.856126,0.00025943,10882.1
18100,4.355752,4.847443,0.00025899,10946.6
18200,3.206552,4.840790,0.00025854,11012.3
18300,3.565820,4.847668,0.00025809,11076.7
18400,3.767606,4.833251,0.00025764,11141.2
18500,3.977504,4.837251,0.00025719,11205.7
18600,3.654277,4.829603,0.00025674,11270.8
18700,4.867868,4.791392,0.00025628,11335.3
18800,4.736614,4.745555,0.00025582,11399.9
18900,4.453121,4.736227,0.00025536,11464.5
19000,4.489664,4.755840,0.00025490,11529.7
19100,4.667963,4.727730,0.00025443,11594.5
19200,4.671819,4.723632,0.00025397,11659.0
19300,4.144932,4.734970,0.00025350,11723.5
19400,4.623020,4.719590,0.00025303,11788.2
19500,4.649713,4.702081,0.00025256,11852.8
19600,4.268691,4.703295,0.00025209,11918.6
19700,4.166537,4.717870,0.00025161,11983.1
19800,4.103029,4.703609,0.00025113,12047.6
19900,4.181241,4.729803,0.00025065,12112.4
20000,3.804325,4.707862,0.00025017,12178.0
20100,4.355340,4.717672,0.00024969,12242.5
20200,4.689945,4.682928,0.00024921,12307.1
20300,4.172105,4.685963,0.00024872,12371.8
20400,4.257114,4.677765,0.00024823,12436.5
20500,4.194755,4.692340,0.00024774,12501.3
20600,4.141243,4.666590,0.00024725,12565.9
20700,4.630914,4.671919,0.00024676,12630.7
20800,4.010478,4.667378,0.00024626,12695.2
20900,4.222858,4.643591,0.00024577,12759.9
21000,4.096321,4.690303,0.00024527,12825.7
21100,4.264080,4.627705,0.00024477,12890.5
21200,4.095869,4.630069,0.00024427,12956.5
21300,4.150385,4.633210,0.00024376,13022.3
21400,4.401503,4.638881,0.00024326,13087.5
21500,4.064346,4.604991,0.00024275,13152.2
21600,4.585060,4.607713,0.00024224,13216.9
21700,3.848792,4.617177,0.00024173,13281.6
21800,4.616330,4.622737,0.00024122,13346.1
21900,4.267459,4.611803,0.00024071,13411.0
22000,4.133747,4.599666,0.00024019,13476.2
22100,4.201392,4.601405,0.00023968,13540.8
22200,4.335710,4.585005,0.00023916,13605.4
22300,3.891656,4.589704,0.00023864,13670.2
22400,4.182053,4.584856,0.00023812,13734.9
22500,3.959878,4.580266,0.00023759,13799.6
22600,4.195580,4.592855,0.00023707,13864.0
22700,4.266660,4.604286,0.00023654,13928.6
22800,4.037292,4.585425,0.00023602,13994.1
22900,3.704168,4.587580,0.00023549,14058.9
23000,4.160226,4.598947,0.00023496,14124.2
23100,4.066812,4.669808,0.00023443,14188.5
23200,4.215960,4.602594,0.00023389,14253.0
23300,4.277256,4.585117,0.00023336,14317.8
23400,4.120708,4.563479,0.00023282,14382.2
23500,4.227310,4.585281,0.00023228,14446.7
23600,4.274229,4.598990,0.00023175,14511.5
23700,4.435671,4.606016,0.00023121,14576.4
23800,4.218667,4.561747,0.00023066,14640.9
23900,4.402697,4.563742,0.00023012,14705.6
24000,4.664837,4.583425,0.00022958,14771.0
24100,4.043749,4.557004,0.00022903,14835.3
24200,4.196711,4.554067,0.00022848,14900.6
24300,4.203273,4.561238,0.00022793,14965.1
24400,4.212441,4.541791,0.00022738,15029.7
24500,4.066155,4.544071,0.00022683,15094.4
24600,4.202137,4.554938,0.00022628,15158.9
24700,3.822782,4.556437,0.00022573,15223.8
24800,4.280696,4.567857,0.00022517,15288.6
24900,4.754550,4.571255,0.00022461,15353.1
25000,4.015678,4.561880,0.00022406,15418.2
25100,4.085702,4.567470,0.00022350,15483.1
25200,4.108623,4.565289,0.00022294,15547.4
25300,4.182944,4.565079,0.00022238,15611.8
25400,4.358323,4.596925,0.00022181,15676.3
25500,4.173956,4.567095,0.00022125,15741.0
25600,4.092147,4.589588,0.00022069,15806.1
25700,4.095079,4.587802,0.00022012,15870.8
25800,4.375393,4.554358,0.00021955,15935.6
25900,4.112304,4.575499,0.00021898,16000.5
26000,4.352321,4.564428,0.00021841,16066.0
26100,4.401569,4.593924,0.00021784,16131.1
26200,4.050546,4.563412,0.00021727,16195.9
26300,4.310414,4.565336,0.00021670,16260.6
26400,4.269794,4.582086,0.00021612,16325.4
26500,3.862808,4.584244,0.00021555,16390.6
26600,4.366796,4.567112,0.00021497,16455.4
26700,4.152312,4.560131,0.00021440,16520.0
26800,4.196391,4.537278,0.00021382,16585.1
26900,4.126456,4.538403,0.00021324,16650.0
27000,4.069634,4.544400,0.00021266,16715.6
27100,3.840229,4.536323,0.00021208,16780.5
27200,3.992001,4.542775,0.00021149,16845.2
27300,4.239251,4.539727,0.00021091,16910.4
27400,4.420947,4.549564,0.00021033,16975.9
27500,4.296309,4.548144,0.00020974,17040.6
27600,4.269476,4.524126,0.00020915,17105.4
27700,4.098717,4.523964,0.00020857,17170.1
27800,4.119812,4.528527,0.00020798,17234.9
27900,4.170354,4.531806,0.00020739,17300.1
28000,4.217923,4.530855,0.00020680,17365.3
28100,4.382939,4.530312,0.00020621,17429.9
28200,4.151135,4.543168,0.00020562,17495.1
28300,3.888164,4.557577,0.00020502,17559.8
28400,4.276787,4.549698,0.00020443,17625.0
28500,4.046053,4.541862,0.00020384,17689.7
28600,4.034838,4.538687,0.00020324,17754.8
28700,4.223042,4.533329,0.00020265,17821.6
28800,3.824339,4.514316,0.00020205,17887.4
28900,4.409513,4.511363,0.00020145,17952.4
29000,3.857328,4.547307,0.00020085,18017.9
29100,3.647016,4.536317,0.00020026,18082.6
29200,3.967470,4.544015,0.00019966,18147.3
29300,4.051812,4.533394,0.00019906,18212.8
29400,3.962782,4.529858,0.00019845,18277.5
29500,3.967792,4.529976,0.00019785,18342.0
29600,4.211283,4.539116,0.00019725,18406.5
29700,4.192595,4.539909,0.00019665,18471.5
29800,4.000546,4.510665,0.00019604,18535.9
29900,4.529877,4.519642,0.00019544,18600.4
30000,4.497860,4.495917,0.00019483,18665.5
30100,4.075491,4.500970,0.00019423,18729.9
30200,4.105588,4.503764,0.00019362,18794.9
30300,3.956288,4.525124,0.00019301,18859.4
30400,4.291873,4.523414,0.00019241,18923.9
30500,3.978264,4.524866,0.00019180,18988.5
30600,3.937988,4.522899,0.00019119,19053.1
30700,3.927837,4.533403,0.00019058,19118.0
30800,4.390038,4.511073,0.00018997,19182.6
30900,4.122846,4.508809,0.00018936,19247.3
31000,4.271873,4.507595,0.00018875,19313.7
31100,4.110899,4.498298,0.00018814,19378.4
31200,4.157000,4.497288,0.00018752,19443.0
31300,4.315893,4.513389,0.00018691,19507.6
31400,4.458494,4.502611,0.00018630,19572.2
31500,4.162527,4.485261,0.00018569,19636.9
31600,3.847916,4.490249,0.00018507,19701.7
31700,4.477412,4.507999,0.00018446,19766.2
31800,4.084401,4.499281,0.00018384,19830.8
31900,4.295090,4.485994,0.00018323,19895.4
32000,4.790989,4.518790,0.00018261,19960.7
32100,3.943520,4.507872,0.00018200,20025.4
32200,3.954874,4.485843,0.00018138,20089.8
32300,3.695964,4.592701,0.00018077,20154.5
32400,4.457184,4.461903,0.00018015,20219.1
32500,4.258991,4.454957,0.00017953,20284.2
32600,3.800128,4.462829,0.00017891,20348.8
32700,4.056924,4.456196,0.00017830,20413.4
32800,4.033144,4.467428,0.00017768,20478.0
32900,3.907017,4.482656,0.00017706,20542.5
33000,4.387686,4.481390,0.00017644,20608.1
33100,4.343871,4.485576,0.00017582,20672.6
33200,3.825434,4.480602,0.00017520,20737.2
33300,4.047503,4.490598,0.00017458,20801.9
33400,4.002245,4.492369,0.00017396,20866.8
33500,3.947757,4.495273,0.00017335,20931.9
33600,4.087608,4.483063,0.00017273,20996.6
33700,4.232556,4.495231,0.00017211,21061.3
33800,4.009027,4.492491,0.00017149,21130.0
33900,4.579671,4.500784,0.00017087,21200.0
34000,4.043678,4.482202,0.00017025,21265.1
34100,4.183552,4.486788,0.00016962,21329.7
34200,4.505961,4.476743,0.00016900,21394.7
34300,4.039215,4.487162,0.00016838,21459.7
34400,4.144375,4.473413,0.00016776,21524.7
34500,4.128585,4.470807,0.00016714,21589.4
34600,4.438158,4.470592,0.00016652,21654.2
34700,4.123162,4.457207,0.00016590,21719.0
34800,4.118431,4.467958,0.00016528,21784.4
34900,4.362390,4.463107,0.00016466,21849.2
35000,4.045268,4.484223,0.00016404,21916.0
35100,3.864130,4.466315,0.00016342,21980.7
35200,4.496238,4.448175,0.00016280,22045.4
35300,3.883073,4.437240,0.00016218,22111.2
35400,4.490967,4.445643,0.00016155,22175.9
35500,3.973626,4.434609,0.00016093,22242.1
35600,3.911605,4.431585,0.00016031,22307.5
35700,3.960432,4.439793,0.00015969,22372.6
35800,3.982609,4.446293,0.00015907,22437.1
35900,4.180951,4.439920,0.00015845,22501.9
36000,3.990405,4.474910,0.00015783,22567.1
36100,4.201739,4.438545,0.00015721,22631.6
36200,3.931528,4.449351,0.00015659,22697.0
36300,4.023803,4.425536,0.00015597,22761.7
36400,3.861459,4.425044,0.00015535,22826.2
36500,3.927083,4.427181,0.00015473,22890.5
36600,4.570552,4.443128,0.00015412,22955.0
36700,4.030081,4.430277,0.00015350,23019.8
36800,4.128345,4.423180,0.00015288,23084.5
36900,4.152780,4.469587,0.00015226,23149.5
37000,3.755145,4.436012,0.00015164,23214.6
37100,4.087754,4.458602,0.00015102,23279.5
37200,4.125502,4.436877,0.00015041,23344.0
37300,3.978343,4.435657,0.00014979,23408.4
37400,3.826968,4.434568,0.00014917,23473.7
37500,3.924952,4.442697,0.00014856,23539.6
37600,4.396821,4.433672,0.00014794,23604.6
37700,3.630738,4.434229,0.00014733,23669.5
37800,4.202871,4.440804,0.00014671,23734.1
37900,4.067926,4.416430,0.00014609,23798.8
38000,3.837432,4.447142,0.00014548,23863.7
38100,4.251935,4.435326,0.00014487,23928.5
38200,4.241049,4.432194,0.00014425,23993.7
38300,4.467148,4.435313,0.00014364,24058.5
38400,3.784771,4.448389,0.00014303,24123.2
38500,3.824530,4.438580,0.00014241,24188.3
38600,4.097314,4.447306,0.00014180,24252.9
38700,3.978485,4.433575,0.00014119,24317.5
38800,4.110136,4.436624,0.00014058,24382.0
38900,4.021981,4.433505,0.00013997,24446.6
39000,4.374542,4.430129,0.00013936,24512.3
39100,4.317984,4.424398,0.00013875,24576.9
39200,4.199571,4.436651,0.00013814,24641.5
39300,4.000342,4.406928,0.00013753,24705.9
39400,4.303199,4.422802,0.00013693,24770.6
39500,4.099828,4.424189,0.00013632,24835.4
39600,4.065378,4.409633,0.00013571,24900.2
39700,4.124036,4.427983,0.00013511,24964.8
39800,4.189653,4.431210,0.00013450,25029.3
39900,3.599805,4.436628,0.00013390,25094.1
40000,4.353009,4.421229,0.00013329,25159.1
40100,4.576078,4.399685,0.00013269,25223.3
40200,3.881032,4.397251,0.00013209,25289.3
40300,4.020543,4.405878,0.00013149,25354.8
40400,4.204300,4.405251,0.00013088,25420.3
40500,4.426529,4.413381,0.00013028,25485.0
40600,4.120096,4.406933,0.00012968,25549.3
40700,4.116935,4.401646,0.00012909,25613.6
40800,4.399179,4.416147,0.00012849,25678.4
40900,4.643867,4.440922,0.00012789,25742.8
41000,4.164659,4.416464,0.00012729,25807.9
41100,4.132666,4.429712,0.00012670,25872.2
41200,4.144122,4.420984,0.00012610,25936.8
41300,4.052466,4.419706,0.00012551,26001.6
41400,4.166595,4.422202,0.00012492,26066.2
41500,3.909726,4.412215,0.00012432,26130.9
41600,3.943498,4.418593,0.00012373,26195.5
41700,4.394846,4.414535,0.00012314,26260.0
41800,4.643823,4.415520,0.00012255,26325.8
41900,4.210682,4.400473,0.00012196,26390.5
42000,4.200702,4.412613,0.00012137,26455.4
42100,4.166914,4.423765,0.00012079,26519.8
42200,3.932247,4.407556,0.00012020,26584.6
42300,3.594552,4.410836,0.00011962,26649.2
42400,4.039455,4.409603,0.00011903,26713.9
42500,3.796156,4.412387,0.00011845,26778.6
42600,3.958502,4.401657,0.00011787,26843.1
42700,4.064145,4.402035,0.00011728,26907.8
42800,3.823732,4.425581,0.00011670,26972.1
42900,3.961365,4.405112,0.00011613,27036.3
43000,3.758347,4.410147,0.00011555,27101.3
43100,4.078207,4.399146,0.00011497,27165.6
43200,4.045096,4.400848,0.00011439,27230.2
43300,4.372748,4.407337,0.00011382,27294.6
43400,3.911264,4.407240,0.00011324,27359.2
43500,4.353498,4.396549,0.00011267,27423.8
43600,3.910701,4.413883,0.00011210,27488.7
43700,4.062271,4.387702,0.00011153,27553.2
43800,3.819810,4.400149,0.00011096,27617.6
43900,3.916668,4.409729,0.00011039,27682.1
44000,4.040638,4.400607,0.00010982,27747.1
44100,4.190812,4.400818,0.00010926,27811.8
44200,4.259282,4.404009,0.00010869,27876.3
44300,4.100595,4.393551,0.00010813,27941.0
44400,3.990705,4.390675,0.00010757,28005.9
44500,3.950486,4.392274,0.00010701,28071.0
44600,4.053487,4.379406,0.00010645,28135.7
44700,4.139545,4.385834,0.00010589,28200.5
44800,4.190828,4.390064,0.00010533,28265.3
44900,4.025918,4.368574,0.00010477,28330.6
45000,4.044871,4.374687,0.00010422,28396.9
45100,4.139421,4.378820,0.00010366,28461.5
45200,3.770186,4.379753,0.00010311,28527.2
45300,4.440813,4.381102,0.00010256,28593.7
45400,4.189456,4.378572,0.00010201,28658.9
45500,4.073454,4.382601,0.00010146,28724.2
45600,3.922847,4.388530,0.00010092,28789.4
45700,3.870109,4.375332,0.00010037,28854.4
45800,3.708923,4.375643,0.00009983,28919.0
45900,4.426359,4.373519,0.00009928,28984.1
46000,3.958222,4.361751,0.00009874,29049.4
46100,4.176928,4.365913,0.00009820,29114.0
46200,4.079444,4.383242,0.00009766,29179.0
46300,3.957261,4.369093,0.00009712,29243.7
46400,3.908214,4.369787,0.00009659,29308.8
46500,4.275725,4.368070,0.00009605,29373.4
46600,3.881500,4.368991,0.00009552,29438.1
46700,3.996621,4.362054,0.00009499,29502.8
46800,3.729589,4.370685,0.00009446,29567.5
46900,3.857208,4.367235,0.00009393,29633.5
47000,4.208845,4.360688,0.00009340,29698.7
47100,4.063437,4.362926,0.00009288,29763.3
47200,3.902967,4.406653,0.00009235,29828.1
47300,3.760664,4.424665,0.00009183,29893.5
47400,3.398430,4.477937,0.00009131,29958.2
47500,3.208113,4.540373,0.00009079,30023.0
47600,3.613502,4.582260,0.00009027,30088.0
47700,3.492315,4.620011,0.00008976,30152.7
47800,3.946258,4.684148,0.00008924,30217.8
47900,3.336326,4.705694,0.00008873,30282.6
48000,3.225168,4.772382,0.00008822,30348.9
48100,3.507236,4.781917,0.00008771,30415.2
48200,3.180815,4.825856,0.00008720,30480.5
48300,3.089875,4.836042,0.00008669,30545.0
48400,3.496228,4.876241,0.00008619,30609.5
48500,3.081213,4.839722,0.00008568,30674.0
48600,3.832250,4.894201,0.00008518,30738.4
48700,3.832202,4.933043,0.00008468,30803.3
48800,2.929101,5.204760,0.00008418,30867.9
48900,2.533844,5.504198,0.00008369,30932.8
49000,2.104569,5.699275,0.00008319,30998.2
49100,4.621825,5.685278,0.00008270,31063.3
49200,3.270158,5.085717,0.00008221,31128.7
49300,3.326717,4.998250,0.00008172,31193.7
49400,4.215220,4.780633,0.00008123,31258.5
49500,3.824722,4.747403,0.00008075,31323.3
49600,3.927743,4.748894,0.00008026,31388.3
49700,3.711886,4.737638,0.00007978,31453.6
49800,3.937143,4.779113,0.00007930,31509.7
49900,4.985107,4.781230,0.00007882,31564.4
50000,3.761626,4.812377,0.00007834,31620.2
50100,3.949704,4.803846,0.00007787,31676.0
50200,3.965018,4.815943,0.00007739,31732.1
50300,3.999410,4.796151,0.00007692,31788.4
50400,3.832293,4.810723,0.00007645,31844.7
50500,3.773470,4.823691,0.00007599,31902.3
50600,3.756582,4.822142,0.00007552,31958.0
50700,3.712072,4.823869,0.00007506,32013.7
50800,4.024171,4.821087,0.00007459,32069.3
50900,3.926322,4.832608,0.00007413,32124.9
51000,3.461558,4.834692,0.00007368,32181.1
51100,3.477057,4.835536,0.00007322,32236.6
51200,3.638172,4.829097,0.00007276,32292.4
51300,3.534091,4.805982,0.00007231,32348.1
51400,3.630076,4.826232,0.00007186,32403.8
51500,3.511683,4.820489,0.00007141,27.1
51600,3.490125,4.802583,0.00007097,85.4
51700,4.255957,4.837231,0.00007052,143.8
51800,4.918975,4.756243,0.00007008,202.5
51900,3.621942,4.801650,0.00006964,261.0
52000,3.781608,4.818415,0.00006920,320.1
52100,3.403102,4.835490,0.00006876,378.6
52200,3.813890,4.817121,0.00006833,437.0
52300,3.832958,4.819866,0.00006790,495.6
52400,3.599978,4.814146,0.00006747,554.5
52500,3.350608,4.820829,0.00006704,613.1
52600,3.844312,4.821932,0.00006661,671.7
52700,3.448834,4.813497,0.00006619,730.1
52800,3.649035,4.823646,0.00006577,788.5
52900,3.944587,4.811749,0.00006535,847.3
53000,3.457207,4.816809,0.00006493,908.7
53100,3.337228,4.829772,0.00006451,968.8
53200,3.490565,4.821578,0.00006410,1029.1
53300,3.489619,4.805303,0.00006369,1089.0
53400,3.529141,4.807718,0.00006328,1149.3
53500,3.313645,4.831121,0.00006287,1209.4
53600,4.070024,4.792741,0.00006247,1269.0
53700,3.691768,4.796384,0.00006206,1329.5
53800,3.813447,4.793972,0.00006166,1389.8
53900,4.123928,4.829495,0.00006127,1449.5
54000,4.713171,4.798550,0.00006087,1509.9
54100,4.993885,4.770712,0.00006048,1569.5
54200,5.520709,4.844138,0.00006008,1629.3
54300,4.473855,4.871528,0.00005969,1689.1
54400,5.705617,5.171425,0.00005931,1749.0
54500,4.430737,4.898680,0.00005892,1809.4
54600,5.078853,4.972579,0.00005854,1869.3
54700,4.670425,4.955422,0.00005816,1929.5
54800,4.585236,4.932912,0.00005778,1989.4
54900,4.478648,4.908298,0.00005740,2048.8
55000,4.073939,4.931596,0.00005703,2110.0
55100,4.269934,4.921726,0.00005666,2169.9
55200,4.653625,4.848054,0.00005629,2229.3
55300,3.935197,4.898730,0.00005592,2289.2
55400,3.983212,4.348489,0.00005556,2348.3
55500,2.816836,4.276903,0.00005519,2407.4
55600,3.725007,4.262785,0.00005483,2467.4
55700,3.444122,4.271874,0.00005448,2528.1
55800,3.572057,4.277673,0.00005412,2587.7
55900,3.369120,4.283835,0.00005377,2646.7
56000,3.525417,4.282744,0.00005342,2708.4
56100,3.845516,4.293405,0.00005307,2767.9
56200,3.190957,4.293467,0.00005272,2827.0
56300,3.296011,4.295473,0.00005238,2885.9
56400,3.953624,4.290255,0.00005204,2947.5
56500,3.887301,4.282874,0.00005170,3008.7
56600,3.821017,4.284909,0.00005136,3070.0
56700,3.797258,4.269456,0.00005103,3131.6
56800,3.864223,4.269555,0.00005070,3192.5
56900,3.707876,4.274904,0.00005037,3253.7
57000,3.595092,4.278246,0.00005004,3315.3
57100,3.740983,4.273281,0.00004972,3376.3
57200,3.851887,4.275916,0.00004940,3438.2
57300,3.699056,4.272253,0.00004908,3499.0
57400,3.762227,4.270467,0.00004876,3560.0
57500,3.720830,4.276243,0.00004845,3623.1
57600,3.669912,4.276887,0.00004813,3685.9
57700,3.853786,4.276838,0.00004782,3748.3
57800,3.656357,4.281989,0.00004752,3810.2
57900,3.717887,4.273244,0.00004721,3869.3
58000,3.706002,4.279534,0.00004691,3929.7
58100,3.654206,4.283285,0.00004661,3988.8
58200,3.812243,4.277187,0.00004631,4049.0
58300,3.639176,4.286603,0.00004602,4110.3
58400,3.704827,4.286120,0.00004573,4169.4
58500,3.700630,4.284190,0.00004544,4228.3
58600,3.670811,4.282771,0.00004515,4287.8
58700,3.669501,4.280026,0.00004487,4347.3
58800,3.683925,4.283038,0.00004458,4409.5
58900,3.581355,4.285900,0.00004430,4469.0
59000,3.680428,4.286425,0.00004403,4528.9
59100,3.720507,4.286280,0.00004375,4588.2
59200,3.635614,4.289236,0.00004348,4647.8
59300,3.765031,4.281328,0.00004321,4707.1
59400,3.470477,4.286074,0.00004295,4768.7
59500,3.624843,4.282360,0.00004268,4829.8
59600,3.587321,4.283297,0.00004242,4889.7
59700,3.644504,4.288370,0.00004216,4952.5
59800,3.711460,4.280585,0.00004190,5015.3
59900,3.675537,4.290852,0.00004165,5079.0
60000,3.613746,4.281476,0.00004140,5142.3
60100,3.576436,4.289699,0.00004115,5202.4
60200,3.747363,4.293284,0.00004091,5261.3
60300,3.580914,4.292411,0.00004066,5320.6
60400,3.696515,4.285530,0.00004042,5380.3
60500,3.616921,4.285832,0.00004018,5440.7
60600,3.675148,4.287167,0.00003995,5501.1
60700,3.667376,4.294931,0.00003972,5563.1
60800,3.730284,4.286764,0.00003949,5626.3
60900,3.716032,4.291720,0.00003926,5690.4
61000,3.605480,4.294402,0.00003903,5751.2
61100,3.529909,4.295155,0.00003881,5811.2
61200,3.699018,4.289433,0.00003859,5871.3
61300,3.701145,4.295164,0.00003838,5931.7
61400,3.647634,4.294679,0.00003816,5991.8
61500,3.728626,4.289662,0.00003795,6052.6
61600,3.730431,4.285691,0.00003774,6113.3
61700,3.884294,4.294780,0.00003754,6173.6
61800,3.709326,4.287558,0.00003733,6233.9
61900,3.751990,4.286975,0.00003713,6294.0
62000,3.516045,4.291306,0.00003694,6355.1
62100,3.714630,4.297120,0.00003674,6415.3
62200,3.557793,4.297084,0.00003655,6475.6
62300,3.600171,4.296479,0.00003636,6535.6
62400,3.673397,4.293886,0.00003617,6595.6
62500,3.738419,4.291426,0.00003599,6656.3
62600,3.653819,4.288068,0.00003581,6716.5
62700,3.637417,4.293499,0.00003563,6778.3
62800,3.681238,4.287752,0.00003545,6838.4
62900,3.550350,4.293287,0.00003528,6898.2
63000,3.498531,4.295524,0.00003511,6958.9
63100,3.675236,4.295024,0.00003494,7018.7
63200,3.615270,4.298821,0.00003477,7078.8
63300,3.594774,4.296378,0.00003461,7138.5
63400,3.570453,4.298101,0.00003445,7198.6
63500,3.680930,4.299150,0.00003430,7259.6
63600,3.747684,4.295990,0.00003414,7319.8
63700,3.726043,4.289578,0.00003399,7379.3
63800,3.491397,4.295104,0.00003384,7440.0
63900,3.510414,4.301830,0.00003370,7500.5
64000,3.646636,4.300780,0.00003355,7561.8
64100,3.621777,4.304791,0.00003341,7623.2
64200,3.478599,4.298301,0.00003328,7683.6
64300,3.508590,4.306256,0.00003314,7744.4
64400,3.568072,4.295396,0.00003301,7805.1
64500,3.570472,4.297424,0.00003288,7865.7
64600,3.740419,4.305216,0.00003275,7926.3
64700,3.658552,4.305120,0.00003263,7986.7
64800,3.714323,4.297193,0.00003251,8046.9
64900,3.616867,4.298810,0.00003239,8106.8
65000,3.614431,4.297664,0.00003228,8167.5
65100,3.782866,4.293375,0.00003217,8227.7
65200,3.661375,4.300340,0.00003206,8287.8
65300,3.723503,4.299518,0.00003195,8350.2
65400,3.625291,4.301418,0.00003185,8410.1
65500,3.656493,4.303857,0.00003175,8470.8
65600,3.610794,4.295400,0.00003165,8531.6
65700,3.666031,4.296748,0.00003155,8591.7
65800,3.664733,4.296799,0.00003146,8652.0
65900,3.672838,4.294126,0.00003137,8711.8
66000,3.695513,4.298298,0.00003128,8772.0
66100,3.635111,4.295036,0.00003120,8832.0
66200,3.593786,4.300842,0.00003112,8891.9
66300,3.587665,4.295624,0.00003104,8951.5
66400,3.731052,4.302250,0.00003096,9011.5
66500,3.607151,4.309409,0.00003089,9072.4
66600,3.655720,4.305477,0.00003082,9132.4
66700,3.699836,4.301996,0.00003075,9192.5
66800,3.610995,4.302045,0.00003069,9251.4
66900,3.894111,4.305898,0.00003063,9310.2
67000,3.523762,4.304189,0.00003057,9369.5
67100,3.528925,4.296482,0.00003052,9429.9
67200,3.654522,4.298341,0.00003046,9489.4
67300,3.703481,4.300813,0.00003041,9549.1
67400,3.660871,4.296996,0.00003037,9608.4
67500,3.656405,4.305516,0.00003032,9667.8
67600,3.635378,4.308939,0.00003028,9727.5
67700,3.540729,4.306730,0.00003024,9786.6
67800,3.583034,4.304384,0.00003021,9845.9
67900,3.507809,4.304673,0.00003017,9905.0
68000,3.610695,4.308336,0.00003014,9964.6
68100,3.748289,4.304956,0.00003012,10024.0
68200,3.678946,4.306306,0.00003009,10084.2
68300,3.471369,4.305881,0.00003007,10143.3
68400,3.577377,4.304838,0.00003005,10202.7
68500,3.564492,4.305040,0.00003004,10262.2
68600,3.584735,4.307095,0.00003002,10320.9
68700,3.648530,4.302944,0.00003001,10379.8
68800,3.658084,4.301709,0.00003001,10438.9
68900,3.534793,4.303960,0.00003000,10498.2
