epoch,train_loss,reasoning_val_loss,pretrain_val_loss,pretrain_val_ppl,elapsed_s
0,4.797517,1.512055,4.127302,62.0104,32.9
1,1.341144,1.088618,4.188463,65.9214,66.1
2,1.109165,0.954362,4.221877,68.1613,98.9
3,0.987050,0.877737,4.228691,68.6273,131.9
4,0.905525,0.834230,4.240767,69.4611,167.0
5,0.863288,0.818290,4.246662,69.8718,204.6
6,0.826631,0.781508,4.247345,69.9195,238.5
7,0.806883,0.755765,4.257488,70.6323,271.9
8,0.777339,0.735188,4.261389,70.9084,305.5
9,0.745402,0.716166,4.270103,71.5290,340.5
10,0.733455,0.691044,4.280338,72.2649,375.3
11,0.711554,0.666373,4.288272,72.8405,410.2
12,0.678717,0.659312,4.274272,71.8278,446.4
13,0.680870,0.644072,4.311180,74.5284,482.8
14,0.659494,0.629154,4.301850,73.8362,520.2
15,0.651856,0.622546,4.315815,74.8746,557.5
16,0.626828,0.602720,4.307197,74.2321,594.1
17,0.604954,0.598520,4.349886,77.4696,630.9
18,0.612269,0.588241,4.334948,76.3210,667.7
19,0.593257,0.578085,4.347802,77.3083,703.5
20,0.586778,0.570600,4.345077,77.0980,737.7
21,0.571352,0.553335,4.351227,77.5736,771.8
22,0.560754,0.547592,4.350750,77.5366,805.9
23,0.544022,0.538418,4.363520,78.5330,838.7
24,0.539692,0.521081,4.374870,79.4295,871.7
25,0.516336,0.503682,4.345325,77.1171,904.9
26,0.495180,0.490283,4.362576,78.4589,937.8
27,0.486074,0.481995,4.365772,78.7101,971.2
28,0.471388,0.469060,4.368046,78.8893,1005.0
29,0.466056,0.457617,4.380849,79.9059,1038.3
30,0.445657,0.455869,4.374337,79.3872,1071.4
31,0.443071,0.456748,4.374030,79.3628,1104.9
32,0.437622,0.451130,4.415309,82.7074,1138.7
33,0.425039,0.442357,4.380280,79.8604,1173.0
34,0.414077,0.445420,4.381125,79.9279,1206.9
35,0.411795,0.434808,4.437156,84.5342,1239.8
36,0.404483,0.438000,4.411936,82.4289,1273.1
37,0.393557,0.432039,4.433922,84.2613,1306.6
38,0.384233,0.410663,4.422082,83.2695,1341.4
39,0.375993,0.416004,4.411668,82.4068,1375.9
